P,angle,displacement
0,170.229294051,0.260372834167
20,170.264135358,0.232733628399
40,170.284455539,0.205764931671
60,170.271266991,0.18246771368
80,170.251426327,0.159388354012
100,172.475173347,0.0639218778715
120,172.689743124,0.0530452945234
