Pkbar,FeOP4mm
0,0.309129
20,0.281775
40,0.266905
60,0.256529
80,0.248126
100,0.008097
120,0.001715
