Pkbar,FeOP4mm
0,0.594799
20,0.562702
40,0.533433
60,0.001788
80,0.000227
100,0.000009
120,0.000614
