P,angle,displacement
0.,169.948326823,0.305069977303,3.63
20,170.022168687,0.275169068096,3.61
40,170.050982019,0.247300116233,3.58
60,170.044633749,0.221241922211,3.55
80,170.037903209,0.198335959703,3.52
85,170.025852182,0.191445708379,3.51
90,170.014864462,0.184997624069,3.50
95,171.437204899,0.0532115463138,1.04
100,174.011721362,0.093656535158,1.02
120,174.114452887,0.080383367924,0.95

#note that 85,90,95 used k555
