P,angle,displacement
0,169.948326823,0.305069977303 
20,170.022168687,0.275169068096
40,170.050982019,0.247300116233
60,170.044633749,0.221241922211
80,170.037903209,0.198335959703
85,170.025852182,0.191445708379
90,170.014864462,0.184997624069
95,171.437204899,0.0532115463138
100,174.011721362,0.093656535158
120,174.114452887,0.080383367924

#note that 85,90,95 used k555
