P,angle,displacement
0,169.948326823,0.305069977303 
20,170.022168687,0.275169068096
40,170.050982019,0.247300116233
60,170.044633749,0.221241922211
80,170.037903209,0.198335959703
100,174.011721362,0.093656535158
120,174.114452887,0.080383367924
