P,angle,displacement,moment
0.,170.529128476,0.218240441602,3.39
20,170.562119381,0.192192719976,3.35
40,170.559296074,0.169597101657,3.30
60,170.547812975,0.14855349723,3.25
80,170.53122198,0.125980348975,3.20
85,170.520824603,0.120454234187,3.18
90,170.504570072,0.115623920254,3.17
95,170.504570072,0.115623920254,1.23
100,173.121434392,0.055969959830,1.20
120,173.378013011,0.0475164998151,1.12
