Pkbar,FeOP4mm
0,0.271784
20,0.257725
40,0.246288
60,0.240178
80,0.235243
100,0.228003
120,0.001637
