Pkbar,FeOP4mm
0,0.252350
20, 0.242478
40,0.233885
60,0.228891
80,0.222760
100,0.218269
120,0.001695
