Pkbar,TiOP4mm,BaOP4mm,PEfrequency
0,0.132331,0.115600,-5.664073
20,0.092706,0.073893,-4.943163
40,0.039484,0.029117,-4.168747
60,0.002235,0.001413,-3.276545
80,0.000309,0, -2.151488
100,0,0,0.986305
120,0,0,2.455146
